,train
0,/cluster/51/arda/dataset/train/BraTS2021_00538
1,/cluster/51/arda/dataset/train/BraTS2021_00557
2,/cluster/51/arda/dataset/train/BraTS2021_00481
3,/cluster/51/arda/dataset/train/BraTS2021_01495
4,/cluster/51/arda/dataset/train/BraTS2021_01338
5,/cluster/51/arda/dataset/train/BraTS2021_01606
6,/cluster/51/arda/dataset/train/BraTS2021_00525
7,/cluster/51/arda/dataset/train/BraTS2021_01496
8,/cluster/51/arda/dataset/train/BraTS2021_00115
9,/cluster/51/arda/dataset/train/BraTS2021_00556
10,/cluster/51/arda/dataset/train/BraTS2021_01458
11,/cluster/51/arda/dataset/train/BraTS2021_01574
12,/cluster/51/arda/dataset/train/BraTS2021_00188
13,/cluster/51/arda/dataset/train/BraTS2021_00680
14,/cluster/51/arda/dataset/train/BraTS2021_00211
15,/cluster/51/arda/dataset/train/BraTS2021_01223
16,/cluster/51/arda/dataset/train/BraTS2021_01350
17,/cluster/51/arda/dataset/train/BraTS2021_01074
18,/cluster/51/arda/dataset/train/BraTS2021_00655
19,/cluster/51/arda/dataset/train/BraTS2021_00390
20,/cluster/51/arda/dataset/train/BraTS2021_01313
21,/cluster/51/arda/dataset/train/BraTS2021_01151
22,/cluster/51/arda/dataset/train/BraTS2021_00423
23,/cluster/51/arda/dataset/train/BraTS2021_00022
24,/cluster/51/arda/dataset/train/BraTS2021_00792
25,/cluster/51/arda/dataset/train/BraTS2021_01363
26,/cluster/51/arda/dataset/train/BraTS2021_01240
27,/cluster/51/arda/dataset/train/BraTS2021_00430
28,/cluster/51/arda/dataset/train/BraTS2021_00797
29,/cluster/51/arda/dataset/train/BraTS2021_00607
30,/cluster/51/arda/dataset/train/BraTS2021_00736
31,/cluster/51/arda/dataset/train/BraTS2021_00781
32,/cluster/51/arda/dataset/train/BraTS2021_01353
33,/cluster/51/arda/dataset/train/BraTS2021_00773
34,/cluster/51/arda/dataset/train/BraTS2021_01566
35,/cluster/51/arda/dataset/train/BraTS2021_00206
36,/cluster/51/arda/dataset/train/BraTS2021_00505
37,/cluster/51/arda/dataset/train/BraTS2021_01197
38,/cluster/51/arda/dataset/train/BraTS2021_01457
39,/cluster/51/arda/dataset/train/BraTS2021_00021
40,/cluster/51/arda/dataset/train/BraTS2021_01206
41,/cluster/51/arda/dataset/train/BraTS2021_00178
42,/cluster/51/arda/dataset/train/BraTS2021_01335
43,/cluster/51/arda/dataset/train/BraTS2021_00516
44,/cluster/51/arda/dataset/train/BraTS2021_01045
45,/cluster/51/arda/dataset/train/BraTS2021_00431
46,/cluster/51/arda/dataset/train/BraTS2021_00574
47,/cluster/51/arda/dataset/train/BraTS2021_01386
48,/cluster/51/arda/dataset/train/BraTS2021_00772
49,/cluster/51/arda/dataset/train/BraTS2021_01405
50,/cluster/51/arda/dataset/train/BraTS2021_01296
51,/cluster/51/arda/dataset/train/BraTS2021_01435
52,/cluster/51/arda/dataset/train/BraTS2021_00094
53,/cluster/51/arda/dataset/train/BraTS2021_00096
54,/cluster/51/arda/dataset/train/BraTS2021_00456
55,/cluster/51/arda/dataset/train/BraTS2021_00183
56,/cluster/51/arda/dataset/train/BraTS2021_01153
57,/cluster/51/arda/dataset/train/BraTS2021_00155
58,/cluster/51/arda/dataset/train/BraTS2021_00196
59,/cluster/51/arda/dataset/train/BraTS2021_00532
60,/cluster/51/arda/dataset/train/BraTS2021_01328
61,/cluster/51/arda/dataset/train/BraTS2021_00800
62,/cluster/51/arda/dataset/train/BraTS2021_01380
63,/cluster/51/arda/dataset/train/BraTS2021_00542
64,/cluster/51/arda/dataset/train/BraTS2021_00590
65,/cluster/51/arda/dataset/train/BraTS2021_01002
66,/cluster/51/arda/dataset/train/BraTS2021_01395
67,/cluster/51/arda/dataset/train/BraTS2021_01428
68,/cluster/51/arda/dataset/train/BraTS2021_00241
69,/cluster/51/arda/dataset/train/BraTS2021_01122
70,/cluster/51/arda/dataset/train/BraTS2021_01236
71,/cluster/51/arda/dataset/train/BraTS2021_01632
72,/cluster/51/arda/dataset/train/BraTS2021_01105
73,/cluster/51/arda/dataset/train/BraTS2021_01019
74,/cluster/51/arda/dataset/train/BraTS2021_01084
75,/cluster/51/arda/dataset/train/BraTS2021_01545
76,/cluster/51/arda/dataset/train/BraTS2021_01396
77,/cluster/51/arda/dataset/train/BraTS2021_01600
78,/cluster/51/arda/dataset/train/BraTS2021_01485
79,/cluster/51/arda/dataset/train/BraTS2021_00321
80,/cluster/51/arda/dataset/train/BraTS2021_01038
81,/cluster/51/arda/dataset/train/BraTS2021_01314
82,/cluster/51/arda/dataset/train/BraTS2021_01056
83,/cluster/51/arda/dataset/train/BraTS2021_00016
84,/cluster/51/arda/dataset/train/BraTS2021_00638
85,/cluster/51/arda/dataset/train/BraTS2021_01554
86,/cluster/51/arda/dataset/train/BraTS2021_01304
87,/cluster/51/arda/dataset/train/BraTS2021_00708
88,/cluster/51/arda/dataset/train/BraTS2021_01471
89,/cluster/51/arda/dataset/train/BraTS2021_00259
90,/cluster/51/arda/dataset/train/BraTS2021_00008
91,/cluster/51/arda/dataset/train/BraTS2021_01008
92,/cluster/51/arda/dataset/train/BraTS2021_01663
93,/cluster/51/arda/dataset/train/BraTS2021_00262
94,/cluster/51/arda/dataset/train/BraTS2021_00426
95,/cluster/51/arda/dataset/train/BraTS2021_00246
96,/cluster/51/arda/dataset/train/BraTS2021_01547
97,/cluster/51/arda/dataset/train/BraTS2021_00469
98,/cluster/51/arda/dataset/train/BraTS2021_00399
99,/cluster/51/arda/dataset/train/BraTS2021_01101
100,/cluster/51/arda/dataset/train/BraTS2021_00685
101,/cluster/51/arda/dataset/train/BraTS2021_00714
102,/cluster/51/arda/dataset/train/BraTS2021_01214
103,/cluster/51/arda/dataset/train/BraTS2021_00217
104,/cluster/51/arda/dataset/train/BraTS2021_00539
105,/cluster/51/arda/dataset/train/BraTS2021_00552
106,/cluster/51/arda/dataset/train/BraTS2021_00150
107,/cluster/51/arda/dataset/train/BraTS2021_00594
108,/cluster/51/arda/dataset/train/BraTS2021_01388
109,/cluster/51/arda/dataset/train/BraTS2021_00803
110,/cluster/51/arda/dataset/train/BraTS2021_00376
111,/cluster/51/arda/dataset/train/BraTS2021_01120
112,/cluster/51/arda/dataset/train/BraTS2021_01399
113,/cluster/51/arda/dataset/train/BraTS2021_00513
114,/cluster/51/arda/dataset/train/BraTS2021_01187
115,/cluster/51/arda/dataset/train/BraTS2021_01134
116,/cluster/51/arda/dataset/train/BraTS2021_01072
117,/cluster/51/arda/dataset/train/BraTS2021_00126
118,/cluster/51/arda/dataset/train/BraTS2021_01279
119,/cluster/51/arda/dataset/train/BraTS2021_00346
120,/cluster/51/arda/dataset/train/BraTS2021_01028
121,/cluster/51/arda/dataset/train/BraTS2021_01619
122,/cluster/51/arda/dataset/train/BraTS2021_00353
123,/cluster/51/arda/dataset/train/BraTS2021_01517
124,/cluster/51/arda/dataset/train/BraTS2021_01401
125,/cluster/51/arda/dataset/train/BraTS2021_01104
126,/cluster/51/arda/dataset/train/BraTS2021_00496
127,/cluster/51/arda/dataset/train/BraTS2021_01665
128,/cluster/51/arda/dataset/train/BraTS2021_00616
129,/cluster/51/arda/dataset/train/BraTS2021_00704
130,/cluster/51/arda/dataset/train/BraTS2021_00409
131,/cluster/51/arda/dataset/train/BraTS2021_01161
132,/cluster/51/arda/dataset/train/BraTS2021_01054
133,/cluster/51/arda/dataset/train/BraTS2021_01455
134,/cluster/51/arda/dataset/train/BraTS2021_00313
135,/cluster/51/arda/dataset/train/BraTS2021_01283
136,/cluster/51/arda/dataset/train/BraTS2021_01139
137,/cluster/51/arda/dataset/train/BraTS2021_01173
138,/cluster/51/arda/dataset/train/BraTS2021_01099
139,/cluster/51/arda/dataset/train/BraTS2021_01409
140,/cluster/51/arda/dataset/train/BraTS2021_00593
141,/cluster/51/arda/dataset/train/BraTS2021_00133
142,/cluster/51/arda/dataset/train/BraTS2021_00716
143,/cluster/51/arda/dataset/train/BraTS2021_01381
144,/cluster/51/arda/dataset/train/BraTS2021_01618
145,/cluster/51/arda/dataset/train/BraTS2021_01252
146,/cluster/51/arda/dataset/train/BraTS2021_00360
147,/cluster/51/arda/dataset/train/BraTS2021_01155
148,/cluster/51/arda/dataset/train/BraTS2021_00296
149,/cluster/51/arda/dataset/train/BraTS2021_00658
150,/cluster/51/arda/dataset/train/BraTS2021_01075
151,/cluster/51/arda/dataset/train/BraTS2021_00608
152,/cluster/51/arda/dataset/train/BraTS2021_00780
153,/cluster/51/arda/dataset/train/BraTS2021_01367
154,/cluster/51/arda/dataset/train/BraTS2021_01040
155,/cluster/51/arda/dataset/train/BraTS2021_01629
156,/cluster/51/arda/dataset/train/BraTS2021_01432
157,/cluster/51/arda/dataset/train/BraTS2021_00507
158,/cluster/51/arda/dataset/train/BraTS2021_00446
159,/cluster/51/arda/dataset/train/BraTS2021_01194
160,/cluster/51/arda/dataset/train/BraTS2021_00146
161,/cluster/51/arda/dataset/train/BraTS2021_00203
162,/cluster/51/arda/dataset/train/BraTS2021_01392
163,/cluster/51/arda/dataset/train/BraTS2021_00551
164,/cluster/51/arda/dataset/train/BraTS2021_00271
165,/cluster/51/arda/dataset/train/BraTS2021_00148
166,/cluster/51/arda/dataset/train/BraTS2021_01532
167,/cluster/51/arda/dataset/train/BraTS2021_01135
168,/cluster/51/arda/dataset/train/BraTS2021_01272
169,/cluster/51/arda/dataset/train/BraTS2021_01176
170,/cluster/51/arda/dataset/train/BraTS2021_01177
171,/cluster/51/arda/dataset/train/BraTS2021_01472
172,/cluster/51/arda/dataset/train/BraTS2021_01552
173,/cluster/51/arda/dataset/train/BraTS2021_01199
174,/cluster/51/arda/dataset/train/BraTS2021_01419
175,/cluster/51/arda/dataset/train/BraTS2021_00033
176,/cluster/51/arda/dataset/train/BraTS2021_01168
177,/cluster/51/arda/dataset/train/BraTS2021_01343
178,/cluster/51/arda/dataset/train/BraTS2021_01576
179,/cluster/51/arda/dataset/train/BraTS2021_01185
180,/cluster/51/arda/dataset/train/BraTS2021_01341
181,/cluster/51/arda/dataset/train/BraTS2021_00247
182,/cluster/51/arda/dataset/train/BraTS2021_01605
183,/cluster/51/arda/dataset/train/BraTS2021_01342
184,/cluster/51/arda/dataset/train/BraTS2021_01128
185,/cluster/51/arda/dataset/train/BraTS2021_01356
186,/cluster/51/arda/dataset/train/BraTS2021_01065
187,/cluster/51/arda/dataset/train/BraTS2021_01403
188,/cluster/51/arda/dataset/train/BraTS2021_00044
189,/cluster/51/arda/dataset/train/BraTS2021_01640
190,/cluster/51/arda/dataset/train/BraTS2021_01233
191,/cluster/51/arda/dataset/train/BraTS2021_00581
192,/cluster/51/arda/dataset/train/BraTS2021_00559
193,/cluster/51/arda/dataset/train/BraTS2021_00555
194,/cluster/51/arda/dataset/train/BraTS2021_01522
195,/cluster/51/arda/dataset/train/BraTS2021_01265
196,/cluster/51/arda/dataset/train/BraTS2021_00167
197,/cluster/51/arda/dataset/train/BraTS2021_00328
198,/cluster/51/arda/dataset/train/BraTS2021_00284
199,/cluster/51/arda/dataset/train/BraTS2021_01659
200,/cluster/51/arda/dataset/train/BraTS2021_00624
201,/cluster/51/arda/dataset/train/BraTS2021_01585
202,/cluster/51/arda/dataset/train/BraTS2021_00488
203,/cluster/51/arda/dataset/train/BraTS2021_01559
204,/cluster/51/arda/dataset/train/BraTS2021_01611
205,/cluster/51/arda/dataset/train/BraTS2021_01293
206,/cluster/51/arda/dataset/train/BraTS2021_01627
207,/cluster/51/arda/dataset/train/BraTS2021_00631
208,/cluster/51/arda/dataset/train/BraTS2021_01106
209,/cluster/51/arda/dataset/train/BraTS2021_00554
210,/cluster/51/arda/dataset/train/BraTS2021_01374
211,/cluster/51/arda/dataset/train/BraTS2021_00793
212,/cluster/51/arda/dataset/train/BraTS2021_00549
213,/cluster/51/arda/dataset/train/BraTS2021_00504
214,/cluster/51/arda/dataset/train/BraTS2021_01137
215,/cluster/51/arda/dataset/train/BraTS2021_00158
216,/cluster/51/arda/dataset/train/BraTS2021_01228
217,/cluster/51/arda/dataset/train/BraTS2021_01230
218,/cluster/51/arda/dataset/train/BraTS2021_01644
219,/cluster/51/arda/dataset/train/BraTS2021_01261
220,/cluster/51/arda/dataset/train/BraTS2021_00707
221,/cluster/51/arda/dataset/train/BraTS2021_00729
222,/cluster/51/arda/dataset/train/BraTS2021_00569
223,/cluster/51/arda/dataset/train/BraTS2021_00448
224,/cluster/51/arda/dataset/train/BraTS2021_01660
225,/cluster/51/arda/dataset/train/BraTS2021_00059
226,/cluster/51/arda/dataset/train/BraTS2021_00235
227,/cluster/51/arda/dataset/train/BraTS2021_01258
228,/cluster/51/arda/dataset/train/BraTS2021_01542
229,/cluster/51/arda/dataset/train/BraTS2021_01635
230,/cluster/51/arda/dataset/train/BraTS2021_01232
231,/cluster/51/arda/dataset/train/BraTS2021_01004
232,/cluster/51/arda/dataset/train/BraTS2021_01095
233,/cluster/51/arda/dataset/train/BraTS2021_01461
234,/cluster/51/arda/dataset/train/BraTS2021_01097
235,/cluster/51/arda/dataset/train/BraTS2021_01115
236,/cluster/51/arda/dataset/train/BraTS2021_00281
237,/cluster/51/arda/dataset/train/BraTS2021_00480
238,/cluster/51/arda/dataset/train/BraTS2021_00760
239,/cluster/51/arda/dataset/train/BraTS2021_00589
240,/cluster/51/arda/dataset/train/BraTS2021_01615
241,/cluster/51/arda/dataset/train/BraTS2021_01354
242,/cluster/51/arda/dataset/train/BraTS2021_01425
243,/cluster/51/arda/dataset/train/BraTS2021_01502
244,/cluster/51/arda/dataset/train/BraTS2021_01613
245,/cluster/51/arda/dataset/train/BraTS2021_01269
246,/cluster/51/arda/dataset/train/BraTS2021_01295
247,/cluster/51/arda/dataset/train/BraTS2021_00640
248,/cluster/51/arda/dataset/train/BraTS2021_00228
249,/cluster/51/arda/dataset/train/BraTS2021_01616
250,/cluster/51/arda/dataset/train/BraTS2021_00739
251,/cluster/51/arda/dataset/train/BraTS2021_00824
252,/cluster/51/arda/dataset/train/BraTS2021_00024
253,/cluster/51/arda/dataset/train/BraTS2021_00127
254,/cluster/51/arda/dataset/train/BraTS2021_00151
255,/cluster/51/arda/dataset/train/BraTS2021_01209
256,/cluster/51/arda/dataset/train/BraTS2021_00586
257,/cluster/51/arda/dataset/train/BraTS2021_00077
258,/cluster/51/arda/dataset/train/BraTS2021_00584
259,/cluster/51/arda/dataset/train/BraTS2021_00081
260,/cluster/51/arda/dataset/train/BraTS2021_00373
261,/cluster/51/arda/dataset/train/BraTS2021_01383
262,/cluster/51/arda/dataset/train/BraTS2021_00109
263,/cluster/51/arda/dataset/train/BraTS2021_01444
264,/cluster/51/arda/dataset/train/BraTS2021_01587
265,/cluster/51/arda/dataset/train/BraTS2021_00166
266,/cluster/51/arda/dataset/train/BraTS2021_00273
267,/cluster/51/arda/dataset/train/BraTS2021_01601
268,/cluster/51/arda/dataset/train/BraTS2021_01447
269,/cluster/51/arda/dataset/train/BraTS2021_00682
270,/cluster/51/arda/dataset/train/BraTS2021_00084
271,/cluster/51/arda/dataset/train/BraTS2021_00334
272,/cluster/51/arda/dataset/train/BraTS2021_00688
273,/cluster/51/arda/dataset/train/BraTS2021_00604
274,/cluster/51/arda/dataset/train/BraTS2021_01621
275,/cluster/51/arda/dataset/train/BraTS2021_01234
276,/cluster/51/arda/dataset/train/BraTS2021_01493
277,/cluster/51/arda/dataset/train/BraTS2021_01372
278,/cluster/51/arda/dataset/train/BraTS2021_00705
279,/cluster/51/arda/dataset/train/BraTS2021_01515
280,/cluster/51/arda/dataset/train/BraTS2021_00350
281,/cluster/51/arda/dataset/train/BraTS2021_00194
282,/cluster/51/arda/dataset/train/BraTS2021_01306
283,/cluster/51/arda/dataset/train/BraTS2021_01058
284,/cluster/51/arda/dataset/train/BraTS2021_01174
285,/cluster/51/arda/dataset/train/BraTS2021_01361
286,/cluster/51/arda/dataset/train/BraTS2021_01537
287,/cluster/51/arda/dataset/train/BraTS2021_00416
288,/cluster/51/arda/dataset/train/BraTS2021_00305
289,/cluster/51/arda/dataset/train/BraTS2021_01433
290,/cluster/51/arda/dataset/train/BraTS2021_01165
291,/cluster/51/arda/dataset/train/BraTS2021_00005
292,/cluster/51/arda/dataset/train/BraTS2021_00366
293,/cluster/51/arda/dataset/train/BraTS2021_01482
294,/cluster/51/arda/dataset/train/BraTS2021_00401
295,/cluster/51/arda/dataset/train/BraTS2021_00511
296,/cluster/51/arda/dataset/train/BraTS2021_01543
297,/cluster/51/arda/dataset/train/BraTS2021_01320
298,/cluster/51/arda/dataset/train/BraTS2021_00343
299,/cluster/51/arda/dataset/train/BraTS2021_01213
300,/cluster/51/arda/dataset/train/BraTS2021_01239
301,/cluster/51/arda/dataset/train/BraTS2021_01548
302,/cluster/51/arda/dataset/train/BraTS2021_00070
303,/cluster/51/arda/dataset/train/BraTS2021_01567
304,/cluster/51/arda/dataset/train/BraTS2021_01326
305,/cluster/51/arda/dataset/train/BraTS2021_00645
306,/cluster/51/arda/dataset/train/BraTS2021_01027
307,/cluster/51/arda/dataset/train/BraTS2021_01310
308,/cluster/51/arda/dataset/train/BraTS2021_00834
309,/cluster/51/arda/dataset/train/BraTS2021_00300
310,/cluster/51/arda/dataset/train/BraTS2021_01430
311,/cluster/51/arda/dataset/train/BraTS2021_00764
312,/cluster/51/arda/dataset/train/BraTS2021_01169
313,/cluster/51/arda/dataset/train/BraTS2021_00088
314,/cluster/51/arda/dataset/train/BraTS2021_00840
315,/cluster/51/arda/dataset/train/BraTS2021_00583
316,/cluster/51/arda/dataset/train/BraTS2021_01003
317,/cluster/51/arda/dataset/train/BraTS2021_01527
318,/cluster/51/arda/dataset/train/BraTS2021_01208
319,/cluster/51/arda/dataset/train/BraTS2021_00690
320,/cluster/51/arda/dataset/train/BraTS2021_00747
321,/cluster/51/arda/dataset/train/BraTS2021_01150
322,/cluster/51/arda/dataset/train/BraTS2021_01633
323,/cluster/51/arda/dataset/train/BraTS2021_01512
324,/cluster/51/arda/dataset/train/BraTS2021_01421
325,/cluster/51/arda/dataset/train/BraTS2021_01029
326,/cluster/51/arda/dataset/train/BraTS2021_01211
327,/cluster/51/arda/dataset/train/BraTS2021_00483
328,/cluster/51/arda/dataset/train/BraTS2021_01575
329,/cluster/51/arda/dataset/train/BraTS2021_01189
330,/cluster/51/arda/dataset/train/BraTS2021_01268
331,/cluster/51/arda/dataset/train/BraTS2021_00433
332,/cluster/51/arda/dataset/train/BraTS2021_00388
333,/cluster/51/arda/dataset/train/BraTS2021_01449
334,/cluster/51/arda/dataset/train/BraTS2021_00587
335,/cluster/51/arda/dataset/train/BraTS2021_01378
336,/cluster/51/arda/dataset/train/BraTS2021_01203
337,/cluster/51/arda/dataset/train/BraTS2021_01555
338,/cluster/51/arda/dataset/train/BraTS2021_00199
339,/cluster/51/arda/dataset/train/BraTS2021_01530
340,/cluster/51/arda/dataset/train/BraTS2021_01470
341,/cluster/51/arda/dataset/train/BraTS2021_01049
342,/cluster/51/arda/dataset/train/BraTS2021_01332
343,/cluster/51/arda/dataset/train/BraTS2021_00336
344,/cluster/51/arda/dataset/train/BraTS2021_01077
345,/cluster/51/arda/dataset/train/BraTS2021_00477
346,/cluster/51/arda/dataset/train/BraTS2021_00588
347,/cluster/51/arda/dataset/train/BraTS2021_00291
348,/cluster/51/arda/dataset/train/BraTS2021_01259
349,/cluster/51/arda/dataset/train/BraTS2021_01583
350,/cluster/51/arda/dataset/train/BraTS2021_01661
351,/cluster/51/arda/dataset/train/BraTS2021_01581
352,/cluster/51/arda/dataset/train/BraTS2021_01595
353,/cluster/51/arda/dataset/train/BraTS2021_00078
354,/cluster/51/arda/dataset/train/BraTS2021_01625
355,/cluster/51/arda/dataset/train/BraTS2021_01133
356,/cluster/51/arda/dataset/train/BraTS2021_00744
357,/cluster/51/arda/dataset/train/BraTS2021_00828
358,/cluster/51/arda/dataset/train/BraTS2021_01205
359,/cluster/51/arda/dataset/train/BraTS2021_01156
360,/cluster/51/arda/dataset/train/BraTS2021_01059
361,/cluster/51/arda/dataset/train/BraTS2021_00159
362,/cluster/51/arda/dataset/train/BraTS2021_00636
363,/cluster/51/arda/dataset/train/BraTS2021_00774
364,/cluster/51/arda/dataset/train/BraTS2021_01000
365,/cluster/51/arda/dataset/train/BraTS2021_01521
366,/cluster/51/arda/dataset/train/BraTS2021_01149
367,/cluster/51/arda/dataset/train/BraTS2021_01224
368,/cluster/51/arda/dataset/train/BraTS2021_00177
369,/cluster/51/arda/dataset/train/BraTS2021_01520
370,/cluster/51/arda/dataset/train/BraTS2021_00087
371,/cluster/51/arda/dataset/train/BraTS2021_01359
372,/cluster/51/arda/dataset/train/BraTS2021_00219
373,/cluster/51/arda/dataset/train/BraTS2021_01079
374,/cluster/51/arda/dataset/train/BraTS2021_00570
375,/cluster/51/arda/dataset/train/BraTS2021_00692
376,/cluster/51/arda/dataset/train/BraTS2021_00787
377,/cluster/51/arda/dataset/train/BraTS2021_01302
378,/cluster/51/arda/dataset/train/BraTS2021_01051
379,/cluster/51/arda/dataset/train/BraTS2021_00734
380,/cluster/51/arda/dataset/train/BraTS2021_00303
381,/cluster/51/arda/dataset/train/BraTS2021_01518
382,/cluster/51/arda/dataset/train/BraTS2021_01622
383,/cluster/51/arda/dataset/train/BraTS2021_00085
384,/cluster/51/arda/dataset/train/BraTS2021_01191
385,/cluster/51/arda/dataset/train/BraTS2021_00650
386,/cluster/51/arda/dataset/train/BraTS2021_00598
387,/cluster/51/arda/dataset/train/BraTS2021_00823
388,/cluster/51/arda/dataset/train/BraTS2021_00759
389,/cluster/51/arda/dataset/train/BraTS2021_00250
390,/cluster/51/arda/dataset/train/BraTS2021_00545
391,/cluster/51/arda/dataset/train/BraTS2021_01451
392,/cluster/51/arda/dataset/train/BraTS2021_00498
393,/cluster/51/arda/dataset/train/BraTS2021_00236
394,/cluster/51/arda/dataset/train/BraTS2021_00107
395,/cluster/51/arda/dataset/train/BraTS2021_00606
396,/cluster/51/arda/dataset/train/BraTS2021_00395
397,/cluster/51/arda/dataset/train/BraTS2021_01536
398,/cluster/51/arda/dataset/train/BraTS2021_01346
399,/cluster/51/arda/dataset/train/BraTS2021_01651
400,/cluster/51/arda/dataset/train/BraTS2021_00651
401,/cluster/51/arda/dataset/train/BraTS2021_01078
402,/cluster/51/arda/dataset/train/BraTS2021_01467
403,/cluster/51/arda/dataset/train/BraTS2021_01311
404,/cluster/51/arda/dataset/train/BraTS2021_01546
405,/cluster/51/arda/dataset/train/BraTS2021_00261
406,/cluster/51/arda/dataset/train/BraTS2021_01589
407,/cluster/51/arda/dataset/train/BraTS2021_01108
408,/cluster/51/arda/dataset/train/BraTS2021_00639
409,/cluster/51/arda/dataset/train/BraTS2021_01299
410,/cluster/51/arda/dataset/train/BraTS2021_00500
411,/cluster/51/arda/dataset/train/BraTS2021_01188
412,/cluster/51/arda/dataset/train/BraTS2021_00501
413,/cluster/51/arda/dataset/train/BraTS2021_00442
414,/cluster/51/arda/dataset/train/BraTS2021_00222
415,/cluster/51/arda/dataset/train/BraTS2021_00204
416,/cluster/51/arda/dataset/train/BraTS2021_01379
417,/cluster/51/arda/dataset/train/BraTS2021_00621
418,/cluster/51/arda/dataset/train/BraTS2021_01114
419,/cluster/51/arda/dataset/train/BraTS2021_01102
420,/cluster/51/arda/dataset/train/BraTS2021_00686
421,/cluster/51/arda/dataset/train/BraTS2021_00466
422,/cluster/51/arda/dataset/train/BraTS2021_00171
423,/cluster/51/arda/dataset/train/BraTS2021_01024
424,/cluster/51/arda/dataset/train/BraTS2021_00544
425,/cluster/51/arda/dataset/train/BraTS2021_01418
426,/cluster/51/arda/dataset/train/BraTS2021_01309
427,/cluster/51/arda/dataset/train/BraTS2021_00816
428,/cluster/51/arda/dataset/train/BraTS2021_01288
429,/cluster/51/arda/dataset/train/BraTS2021_01429
430,/cluster/51/arda/dataset/train/BraTS2021_01375
431,/cluster/51/arda/dataset/train/BraTS2021_01014
432,/cluster/51/arda/dataset/train/BraTS2021_01508
433,/cluster/51/arda/dataset/train/BraTS2021_01643
434,/cluster/51/arda/dataset/train/BraTS2021_01334
435,/cluster/51/arda/dataset/train/BraTS2021_01034
436,/cluster/51/arda/dataset/train/BraTS2021_00642
437,/cluster/51/arda/dataset/train/BraTS2021_00576
438,/cluster/51/arda/dataset/train/BraTS2021_00000
439,/cluster/51/arda/dataset/train/BraTS2021_00802
440,/cluster/51/arda/dataset/train/BraTS2021_00046
441,/cluster/51/arda/dataset/train/BraTS2021_00558
442,/cluster/51/arda/dataset/train/BraTS2021_01368
443,/cluster/51/arda/dataset/train/BraTS2021_01057
444,/cluster/51/arda/dataset/train/BraTS2021_00382
445,/cluster/51/arda/dataset/train/BraTS2021_01484
446,/cluster/51/arda/dataset/train/BraTS2021_00238
447,/cluster/51/arda/dataset/train/BraTS2021_00599
448,/cluster/51/arda/dataset/train/BraTS2021_00649
449,/cluster/51/arda/dataset/train/BraTS2021_01544
450,/cluster/51/arda/dataset/train/BraTS2021_01170
451,/cluster/51/arda/dataset/train/BraTS2021_01071
452,/cluster/51/arda/dataset/train/BraTS2021_01023
453,/cluster/51/arda/dataset/train/BraTS2021_00452
454,/cluster/51/arda/dataset/train/BraTS2021_01365
455,/cluster/51/arda/dataset/train/BraTS2021_00329
456,/cluster/51/arda/dataset/train/BraTS2021_01080
457,/cluster/51/arda/dataset/train/BraTS2021_01610
458,/cluster/51/arda/dataset/train/BraTS2021_01127
459,/cluster/51/arda/dataset/train/BraTS2021_00351
460,/cluster/51/arda/dataset/train/BraTS2021_00454
461,/cluster/51/arda/dataset/train/BraTS2021_00485
462,/cluster/51/arda/dataset/train/BraTS2021_00344
463,/cluster/51/arda/dataset/train/BraTS2021_00113
464,/cluster/51/arda/dataset/train/BraTS2021_01178
465,/cluster/51/arda/dataset/train/BraTS2021_01010
466,/cluster/51/arda/dataset/train/BraTS2021_01017
467,/cluster/51/arda/dataset/train/BraTS2021_00619
468,/cluster/51/arda/dataset/train/BraTS2021_00299
469,/cluster/51/arda/dataset/train/BraTS2021_01219
470,/cluster/51/arda/dataset/train/BraTS2021_01253
471,/cluster/51/arda/dataset/train/BraTS2021_01408
472,/cluster/51/arda/dataset/train/BraTS2021_01573
473,/cluster/51/arda/dataset/train/BraTS2021_01167
474,/cluster/51/arda/dataset/train/BraTS2021_01121
475,/cluster/51/arda/dataset/train/BraTS2021_00768
476,/cluster/51/arda/dataset/train/BraTS2021_00724
477,/cluster/51/arda/dataset/train/BraTS2021_01144
478,/cluster/51/arda/dataset/train/BraTS2021_01489
479,/cluster/51/arda/dataset/train/BraTS2021_01284
480,/cluster/51/arda/dataset/train/BraTS2021_01362
481,/cluster/51/arda/dataset/train/BraTS2021_00049
482,/cluster/51/arda/dataset/train/BraTS2021_01100
483,/cluster/51/arda/dataset/train/BraTS2021_00563
484,/cluster/51/arda/dataset/train/BraTS2021_01400
485,/cluster/51/arda/dataset/train/BraTS2021_01645
486,/cluster/51/arda/dataset/train/BraTS2021_00578
487,/cluster/51/arda/dataset/train/BraTS2021_00063
488,/cluster/51/arda/dataset/train/BraTS2021_00053
489,/cluster/51/arda/dataset/train/BraTS2021_00740
490,/cluster/51/arda/dataset/train/BraTS2021_01529
491,/cluster/51/arda/dataset/train/BraTS2021_00298
492,/cluster/51/arda/dataset/train/BraTS2021_00172
493,/cluster/51/arda/dataset/train/BraTS2021_00218
494,/cluster/51/arda/dataset/train/BraTS2021_01608
495,/cluster/51/arda/dataset/train/BraTS2021_00457
496,/cluster/51/arda/dataset/train/BraTS2021_00143
497,/cluster/51/arda/dataset/train/BraTS2021_00140
498,/cluster/51/arda/dataset/train/BraTS2021_00341
499,/cluster/51/arda/dataset/train/BraTS2021_01154
500,/cluster/51/arda/dataset/train/BraTS2021_01330
501,/cluster/51/arda/dataset/train/BraTS2021_01411
502,/cluster/51/arda/dataset/train/BraTS2021_00242
503,/cluster/51/arda/dataset/train/BraTS2021_00778
504,/cluster/51/arda/dataset/train/BraTS2021_01322
505,/cluster/51/arda/dataset/train/BraTS2021_01093
506,/cluster/51/arda/dataset/train/BraTS2021_01298
507,/cluster/51/arda/dataset/train/BraTS2021_01089
508,/cluster/51/arda/dataset/train/BraTS2021_01226
509,/cluster/51/arda/dataset/train/BraTS2021_00105
510,/cluster/51/arda/dataset/train/BraTS2021_01623
511,/cluster/51/arda/dataset/train/BraTS2021_00537
512,/cluster/51/arda/dataset/train/BraTS2021_00254
513,/cluster/51/arda/dataset/train/BraTS2021_00443
514,/cluster/51/arda/dataset/train/BraTS2021_01507
515,/cluster/51/arda/dataset/train/BraTS2021_00227
516,/cluster/51/arda/dataset/train/BraTS2021_01538
517,/cluster/51/arda/dataset/train/BraTS2021_00123
518,/cluster/51/arda/dataset/train/BraTS2021_00117
519,/cluster/51/arda/dataset/train/BraTS2021_00293
520,/cluster/51/arda/dataset/train/BraTS2021_00837
521,/cluster/51/arda/dataset/train/BraTS2021_00389
522,/cluster/51/arda/dataset/train/BraTS2021_00134
523,/cluster/51/arda/dataset/train/BraTS2021_00397
524,/cluster/51/arda/dataset/train/BraTS2021_00009
525,/cluster/51/arda/dataset/train/BraTS2021_01274
526,/cluster/51/arda/dataset/train/BraTS2021_01499
527,/cluster/51/arda/dataset/train/BraTS2021_01231
528,/cluster/51/arda/dataset/train/BraTS2021_01073
529,/cluster/51/arda/dataset/train/BraTS2021_00191
530,/cluster/51/arda/dataset/train/BraTS2021_01052
531,/cluster/51/arda/dataset/train/BraTS2021_01131
532,/cluster/51/arda/dataset/train/BraTS2021_00111
533,/cluster/51/arda/dataset/train/BraTS2021_01082
534,/cluster/51/arda/dataset/train/BraTS2021_00684
535,/cluster/51/arda/dataset/train/BraTS2021_00154
536,/cluster/51/arda/dataset/train/BraTS2021_01558
537,/cluster/51/arda/dataset/train/BraTS2021_00751
538,/cluster/51/arda/dataset/train/BraTS2021_00406
539,/cluster/51/arda/dataset/train/BraTS2021_01607
540,/cluster/51/arda/dataset/train/BraTS2021_00622
541,/cluster/51/arda/dataset/train/BraTS2021_00667
542,/cluster/51/arda/dataset/train/BraTS2021_01175
543,/cluster/51/arda/dataset/train/BraTS2021_01483
544,/cluster/51/arda/dataset/train/BraTS2021_00089
545,/cluster/51/arda/dataset/train/BraTS2021_00677
546,/cluster/51/arda/dataset/train/BraTS2021_00789
547,/cluster/51/arda/dataset/train/BraTS2021_00064
548,/cluster/51/arda/dataset/train/BraTS2021_00324
549,/cluster/51/arda/dataset/train/BraTS2021_01142
550,/cluster/51/arda/dataset/train/BraTS2021_01157
551,/cluster/51/arda/dataset/train/BraTS2021_01186
552,/cluster/51/arda/dataset/train/BraTS2021_01423
553,/cluster/51/arda/dataset/train/BraTS2021_00675
554,/cluster/51/arda/dataset/train/BraTS2021_01630
555,/cluster/51/arda/dataset/train/BraTS2021_00130
556,/cluster/51/arda/dataset/train/BraTS2021_01488
557,/cluster/51/arda/dataset/train/BraTS2021_01301
558,/cluster/51/arda/dataset/train/BraTS2021_01081
559,/cluster/51/arda/dataset/train/BraTS2021_01215
560,/cluster/51/arda/dataset/train/BraTS2021_01588
561,/cluster/51/arda/dataset/train/BraTS2021_01510
562,/cluster/51/arda/dataset/train/BraTS2021_00674
563,/cluster/51/arda/dataset/train/BraTS2021_00814
564,/cluster/51/arda/dataset/train/BraTS2021_00142
565,/cluster/51/arda/dataset/train/BraTS2021_00612
566,/cluster/51/arda/dataset/train/BraTS2021_01426
567,/cluster/51/arda/dataset/train/BraTS2021_01480
568,/cluster/51/arda/dataset/train/BraTS2021_01053
569,/cluster/51/arda/dataset/train/BraTS2021_00108
570,/cluster/51/arda/dataset/train/BraTS2021_00679
571,/cluster/51/arda/dataset/train/BraTS2021_01276
572,/cluster/51/arda/dataset/train/BraTS2021_01563
573,/cluster/51/arda/dataset/train/BraTS2021_00801
574,/cluster/51/arda/dataset/train/BraTS2021_01050
575,/cluster/51/arda/dataset/train/BraTS2021_00676
576,/cluster/51/arda/dataset/train/BraTS2021_00468
577,/cluster/51/arda/dataset/train/BraTS2021_01620
578,/cluster/51/arda/dataset/train/BraTS2021_01439
579,/cluster/51/arda/dataset/train/BraTS2021_00425
580,/cluster/51/arda/dataset/train/BraTS2021_00782
581,/cluster/51/arda/dataset/train/BraTS2021_01398
582,/cluster/51/arda/dataset/train/BraTS2021_00818
583,/cluster/51/arda/dataset/train/BraTS2021_01237
584,/cluster/51/arda/dataset/train/BraTS2021_01286
585,/cluster/51/arda/dataset/train/BraTS2021_01494
586,/cluster/51/arda/dataset/train/BraTS2021_01603
587,/cluster/51/arda/dataset/train/BraTS2021_00706
588,/cluster/51/arda/dataset/train/BraTS2021_01528
589,/cluster/51/arda/dataset/train/BraTS2021_00147
590,/cluster/51/arda/dataset/train/BraTS2021_01069
591,/cluster/51/arda/dataset/train/BraTS2021_00187
592,/cluster/51/arda/dataset/train/BraTS2021_00547
593,/cluster/51/arda/dataset/train/BraTS2021_00403
594,/cluster/51/arda/dataset/train/BraTS2021_00659
595,/cluster/51/arda/dataset/train/BraTS2021_01524
596,/cluster/51/arda/dataset/train/BraTS2021_00618
597,/cluster/51/arda/dataset/train/BraTS2021_00524
598,/cluster/51/arda/dataset/train/BraTS2021_00375
599,/cluster/51/arda/dataset/train/BraTS2021_00110
600,/cluster/51/arda/dataset/train/BraTS2021_00746
601,/cluster/51/arda/dataset/train/BraTS2021_00318
602,/cluster/51/arda/dataset/train/BraTS2021_00838
603,/cluster/51/arda/dataset/train/BraTS2021_00263
604,/cluster/51/arda/dataset/train/BraTS2021_01254
605,/cluster/51/arda/dataset/train/BraTS2021_01329
606,/cluster/51/arda/dataset/train/BraTS2021_01390
607,/cluster/51/arda/dataset/train/BraTS2021_01098
608,/cluster/51/arda/dataset/train/BraTS2021_01013
609,/cluster/51/arda/dataset/train/BraTS2021_00052
610,/cluster/51/arda/dataset/train/BraTS2021_00290
611,/cluster/51/arda/dataset/train/BraTS2021_01220
612,/cluster/51/arda/dataset/train/BraTS2021_00051
613,/cluster/51/arda/dataset/train/BraTS2021_00286
614,/cluster/51/arda/dataset/train/BraTS2021_00788
615,/cluster/51/arda/dataset/train/BraTS2021_00386
616,/cluster/51/arda/dataset/train/BraTS2021_01271
617,/cluster/51/arda/dataset/train/BraTS2021_00807
618,/cluster/51/arda/dataset/train/BraTS2021_01030
619,/cluster/51/arda/dataset/train/BraTS2021_00561
620,/cluster/51/arda/dataset/train/BraTS2021_01085
621,/cluster/51/arda/dataset/train/BraTS2021_01352
622,/cluster/51/arda/dataset/train/BraTS2021_00580
623,/cluster/51/arda/dataset/train/BraTS2021_01181
624,/cluster/51/arda/dataset/train/BraTS2021_01179
625,/cluster/51/arda/dataset/train/BraTS2021_01242
626,/cluster/51/arda/dataset/train/BraTS2021_01617
627,/cluster/51/arda/dataset/train/BraTS2021_00582
628,/cluster/51/arda/dataset/train/BraTS2021_01262
629,/cluster/51/arda/dataset/train/BraTS2021_00820
630,/cluster/51/arda/dataset/train/BraTS2021_00327
631,/cluster/51/arda/dataset/train/BraTS2021_00610
632,/cluster/51/arda/dataset/train/BraTS2021_00654
633,/cluster/51/arda/dataset/train/BraTS2021_00512
634,/cluster/51/arda/dataset/train/BraTS2021_01415
635,/cluster/51/arda/dataset/train/BraTS2021_01064
636,/cluster/51/arda/dataset/train/BraTS2021_00819
637,/cluster/51/arda/dataset/train/BraTS2021_01031
638,/cluster/51/arda/dataset/train/BraTS2021_00567
639,/cluster/51/arda/dataset/train/BraTS2021_00550
640,/cluster/51/arda/dataset/train/BraTS2021_01523
641,/cluster/51/arda/dataset/train/BraTS2021_00132
642,/cluster/51/arda/dataset/train/BraTS2021_00066
643,/cluster/51/arda/dataset/train/BraTS2021_01377
644,/cluster/51/arda/dataset/train/BraTS2021_01534
645,/cluster/51/arda/dataset/train/BraTS2021_00186
646,/cluster/51/arda/dataset/train/BraTS2021_00494
647,/cluster/51/arda/dataset/train/BraTS2021_00017
648,/cluster/51/arda/dataset/train/BraTS2021_01060
649,/cluster/51/arda/dataset/train/BraTS2021_01022
650,/cluster/51/arda/dataset/train/BraTS2021_00310
651,/cluster/51/arda/dataset/train/BraTS2021_00795
652,/cluster/51/arda/dataset/train/BraTS2021_00811
653,/cluster/51/arda/dataset/train/BraTS2021_00572
654,/cluster/51/arda/dataset/train/BraTS2021_00436
655,/cluster/51/arda/dataset/train/BraTS2021_01658
656,/cluster/51/arda/dataset/train/BraTS2021_00623
657,/cluster/51/arda/dataset/train/BraTS2021_00100
658,/cluster/51/arda/dataset/train/BraTS2021_01092
659,/cluster/51/arda/dataset/train/BraTS2021_01048
660,/cluster/51/arda/dataset/train/BraTS2021_01568
661,/cluster/51/arda/dataset/train/BraTS2021_00808
662,/cluster/51/arda/dataset/train/BraTS2021_00020
663,/cluster/51/arda/dataset/train/BraTS2021_01257
664,/cluster/51/arda/dataset/train/BraTS2021_01094
665,/cluster/51/arda/dataset/train/BraTS2021_01037
666,/cluster/51/arda/dataset/train/BraTS2021_00309
667,/cluster/51/arda/dataset/train/BraTS2021_00418
668,/cluster/51/arda/dataset/train/BraTS2021_01222
669,/cluster/51/arda/dataset/train/BraTS2021_00112
670,/cluster/51/arda/dataset/train/BraTS2021_00383
671,/cluster/51/arda/dataset/train/BraTS2021_00625
672,/cluster/51/arda/dataset/train/BraTS2021_00533
673,/cluster/51/arda/dataset/train/BraTS2021_00464
674,/cluster/51/arda/dataset/train/BraTS2021_01437
675,/cluster/51/arda/dataset/train/BraTS2021_01195
676,/cluster/51/arda/dataset/train/BraTS2021_00605
677,/cluster/51/arda/dataset/train/BraTS2021_00407
678,/cluster/51/arda/dataset/train/BraTS2021_00165
679,/cluster/51/arda/dataset/train/BraTS2021_01436
680,/cluster/51/arda/dataset/train/BraTS2021_00338
681,/cluster/51/arda/dataset/train/BraTS2021_01204
682,/cluster/51/arda/dataset/train/BraTS2021_01344
683,/cluster/51/arda/dataset/train/BraTS2021_01141
684,/cluster/51/arda/dataset/train/BraTS2021_01132
685,/cluster/51/arda/dataset/train/BraTS2021_00176
686,/cluster/51/arda/dataset/train/BraTS2021_01227
687,/cluster/51/arda/dataset/train/BraTS2021_01550
688,/cluster/51/arda/dataset/train/BraTS2021_00491
689,/cluster/51/arda/dataset/train/BraTS2021_00370
690,/cluster/51/arda/dataset/train/BraTS2021_01218
691,/cluster/51/arda/dataset/train/BraTS2021_00656
692,/cluster/51/arda/dataset/train/BraTS2021_01662
693,/cluster/51/arda/dataset/train/BraTS2021_01044
694,/cluster/51/arda/dataset/train/BraTS2021_00274
695,/cluster/51/arda/dataset/train/BraTS2021_01318
696,/cluster/51/arda/dataset/train/BraTS2021_00103
697,/cluster/51/arda/dataset/train/BraTS2021_01599
698,/cluster/51/arda/dataset/train/BraTS2021_01035
699,/cluster/51/arda/dataset/train/BraTS2021_01609
700,/cluster/51/arda/dataset/train/BraTS2021_01294
701,/cluster/51/arda/dataset/train/BraTS2021_00210
702,/cluster/51/arda/dataset/train/BraTS2021_00035
703,/cluster/51/arda/dataset/train/BraTS2021_00118
704,/cluster/51/arda/dataset/train/BraTS2021_01486
705,/cluster/51/arda/dataset/train/BraTS2021_00657
706,/cluster/51/arda/dataset/train/BraTS2021_01596
707,/cluster/51/arda/dataset/train/BraTS2021_01307
708,/cluster/51/arda/dataset/train/BraTS2021_00663
709,/cluster/51/arda/dataset/train/BraTS2021_01250
710,/cluster/51/arda/dataset/train/BraTS2021_00068
711,/cluster/51/arda/dataset/train/BraTS2021_01263
712,/cluster/51/arda/dataset/train/BraTS2021_01513
713,/cluster/51/arda/dataset/train/BraTS2021_01387
714,/cluster/51/arda/dataset/train/BraTS2021_00601
715,/cluster/51/arda/dataset/train/BraTS2021_00106
716,/cluster/51/arda/dataset/train/BraTS2021_01043
717,/cluster/51/arda/dataset/train/BraTS2021_01369
718,/cluster/51/arda/dataset/train/BraTS2021_00470
719,/cluster/51/arda/dataset/train/BraTS2021_01452
720,/cluster/51/arda/dataset/train/BraTS2021_00025
721,/cluster/51/arda/dataset/train/BraTS2021_00258
722,/cluster/51/arda/dataset/train/BraTS2021_01025
723,/cluster/51/arda/dataset/train/BraTS2021_01657
724,/cluster/51/arda/dataset/train/BraTS2021_01238
725,/cluster/51/arda/dataset/train/BraTS2021_01438
726,/cluster/51/arda/dataset/train/BraTS2021_01371
727,/cluster/51/arda/dataset/train/BraTS2021_01308
728,/cluster/51/arda/dataset/train/BraTS2021_00356
729,/cluster/51/arda/dataset/train/BraTS2021_00288
730,/cluster/51/arda/dataset/train/BraTS2021_01434
731,/cluster/51/arda/dataset/train/BraTS2021_01442
732,/cluster/51/arda/dataset/train/BraTS2021_00294
733,/cluster/51/arda/dataset/train/BraTS2021_00400
734,/cluster/51/arda/dataset/train/BraTS2021_00380
735,/cluster/51/arda/dataset/train/BraTS2021_00445
736,/cluster/51/arda/dataset/train/BraTS2021_01009
737,/cluster/51/arda/dataset/train/BraTS2021_01590
738,/cluster/51/arda/dataset/train/BraTS2021_00045
739,/cluster/51/arda/dataset/train/BraTS2021_01406
740,/cluster/51/arda/dataset/train/BraTS2021_00693
741,/cluster/51/arda/dataset/train/BraTS2021_00757
742,/cluster/51/arda/dataset/train/BraTS2021_00540
743,/cluster/51/arda/dataset/train/BraTS2021_01465
744,/cluster/51/arda/dataset/train/BraTS2021_01070
745,/cluster/51/arda/dataset/train/BraTS2021_01138
746,/cluster/51/arda/dataset/train/BraTS2021_01244
747,/cluster/51/arda/dataset/train/BraTS2021_00028
748,/cluster/51/arda/dataset/train/BraTS2021_01061
749,/cluster/51/arda/dataset/train/BraTS2021_01624
750,/cluster/51/arda/dataset/train/BraTS2021_01475
751,/cluster/51/arda/dataset/train/BraTS2021_00523
752,/cluster/51/arda/dataset/train/BraTS2021_01032
753,/cluster/51/arda/dataset/train/BraTS2021_01282
754,/cluster/51/arda/dataset/train/BraTS2021_00784
755,/cluster/51/arda/dataset/train/BraTS2021_01476
756,/cluster/51/arda/dataset/train/BraTS2021_00453
757,/cluster/51/arda/dataset/train/BraTS2021_00378
758,/cluster/51/arda/dataset/train/BraTS2021_00514
759,/cluster/51/arda/dataset/train/BraTS2021_00320
760,/cluster/51/arda/dataset/train/BraTS2021_01349
761,/cluster/51/arda/dataset/train/BraTS2021_01557
762,/cluster/51/arda/dataset/train/BraTS2021_00520
763,/cluster/51/arda/dataset/train/BraTS2021_01086
764,/cluster/51/arda/dataset/train/BraTS2021_01091
765,/cluster/51/arda/dataset/train/BraTS2021_01572
766,/cluster/51/arda/dataset/train/BraTS2021_01637
767,/cluster/51/arda/dataset/train/BraTS2021_00348
768,/cluster/51/arda/dataset/train/BraTS2021_01456
769,/cluster/51/arda/dataset/train/BraTS2021_00510
770,/cluster/51/arda/dataset/train/BraTS2021_00775
771,/cluster/51/arda/dataset/train/BraTS2021_00121
772,/cluster/51/arda/dataset/train/BraTS2021_01331
773,/cluster/51/arda/dataset/train/BraTS2021_00529
774,/cluster/51/arda/dataset/train/BraTS2021_01109
775,/cluster/51/arda/dataset/train/BraTS2021_00311
776,/cluster/51/arda/dataset/train/BraTS2021_00314
777,/cluster/51/arda/dataset/train/BraTS2021_01087
778,/cluster/51/arda/dataset/train/BraTS2021_01316
779,/cluster/51/arda/dataset/train/BraTS2021_00804
780,/cluster/51/arda/dataset/train/BraTS2021_01068
781,/cluster/51/arda/dataset/train/BraTS2021_01460
782,/cluster/51/arda/dataset/train/BraTS2021_01481
783,/cluster/51/arda/dataset/train/BraTS2021_01124
784,/cluster/51/arda/dataset/train/BraTS2021_00282
785,/cluster/51/arda/dataset/train/BraTS2021_00002
786,/cluster/51/arda/dataset/train/BraTS2021_01497
787,/cluster/51/arda/dataset/train/BraTS2021_01336
788,/cluster/51/arda/dataset/train/BraTS2021_00090
789,/cluster/51/arda/dataset/train/BraTS2021_01393
790,/cluster/51/arda/dataset/train/BraTS2021_01103
791,/cluster/51/arda/dataset/train/BraTS2021_00698
792,/cluster/51/arda/dataset/train/BraTS2021_01207
793,/cluster/51/arda/dataset/train/BraTS2021_00043
794,/cluster/51/arda/dataset/train/BraTS2021_00806
795,/cluster/51/arda/dataset/train/BraTS2021_00012
796,/cluster/51/arda/dataset/train/BraTS2021_00061
797,/cluster/51/arda/dataset/train/BraTS2021_01560
798,/cluster/51/arda/dataset/train/BraTS2021_01420
799,/cluster/51/arda/dataset/train/BraTS2021_00292
800,/cluster/51/arda/dataset/train/BraTS2021_01280
801,/cluster/51/arda/dataset/train/BraTS2021_01636
802,/cluster/51/arda/dataset/train/BraTS2021_00230
803,/cluster/51/arda/dataset/train/BraTS2021_01385
804,/cluster/51/arda/dataset/train/BraTS2021_01125
805,/cluster/51/arda/dataset/train/BraTS2021_01229
806,/cluster/51/arda/dataset/train/BraTS2021_00687
807,/cluster/51/arda/dataset/train/BraTS2021_00054
808,/cluster/51/arda/dataset/train/BraTS2021_01112
809,/cluster/51/arda/dataset/train/BraTS2021_01193
810,/cluster/51/arda/dataset/train/BraTS2021_00805
811,/cluster/51/arda/dataset/train/BraTS2021_01163
812,/cluster/51/arda/dataset/train/BraTS2021_00728
813,/cluster/51/arda/dataset/train/BraTS2021_00526
814,/cluster/51/arda/dataset/train/BraTS2021_00999
815,/cluster/51/arda/dataset/train/BraTS2021_01090
816,/cluster/51/arda/dataset/train/BraTS2021_00548
817,/cluster/51/arda/dataset/train/BraTS2021_01047
818,/cluster/51/arda/dataset/train/BraTS2021_00810
819,/cluster/51/arda/dataset/train/BraTS2021_00266
820,/cluster/51/arda/dataset/train/BraTS2021_00809
821,/cluster/51/arda/dataset/train/BraTS2021_01638
822,/cluster/51/arda/dataset/train/BraTS2021_00349
823,/cluster/51/arda/dataset/train/BraTS2021_01580
824,/cluster/51/arda/dataset/train/BraTS2021_01473
825,/cluster/51/arda/dataset/train/BraTS2021_01275
826,/cluster/51/arda/dataset/train/BraTS2021_01553
827,/cluster/51/arda/dataset/train/BraTS2021_01140
828,/cluster/51/arda/dataset/train/BraTS2021_01631
829,/cluster/51/arda/dataset/train/BraTS2021_00530
830,/cluster/51/arda/dataset/train/BraTS2021_01628
831,/cluster/51/arda/dataset/train/BraTS2021_00417
832,/cluster/51/arda/dataset/train/BraTS2021_01648
833,/cluster/51/arda/dataset/train/BraTS2021_00340
834,/cluster/51/arda/dataset/train/BraTS2021_00048
835,/cluster/51/arda/dataset/train/BraTS2021_00062
836,/cluster/51/arda/dataset/train/BraTS2021_00269
837,/cluster/51/arda/dataset/train/BraTS2021_00472
838,/cluster/51/arda/dataset/train/BraTS2021_00419
839,/cluster/51/arda/dataset/train/BraTS2021_00124
840,/cluster/51/arda/dataset/train/BraTS2021_01594
841,/cluster/51/arda/dataset/train/BraTS2021_01171
842,/cluster/51/arda/dataset/train/BraTS2021_01598
843,/cluster/51/arda/dataset/train/BraTS2021_00036
844,/cluster/51/arda/dataset/train/BraTS2021_01184
845,/cluster/51/arda/dataset/train/BraTS2021_01593
846,/cluster/51/arda/dataset/train/BraTS2021_01584
847,/cluster/51/arda/dataset/train/BraTS2021_00195
848,/cluster/51/arda/dataset/train/BraTS2021_01083
849,/cluster/51/arda/dataset/train/BraTS2021_01251
850,/cluster/51/arda/dataset/train/BraTS2021_00371
851,/cluster/51/arda/dataset/train/BraTS2021_00777
852,/cluster/51/arda/dataset/train/BraTS2021_01666
853,/cluster/51/arda/dataset/train/BraTS2021_00732
854,/cluster/51/arda/dataset/train/BraTS2021_00765
855,/cluster/51/arda/dataset/train/BraTS2021_00412
856,/cluster/51/arda/dataset/train/BraTS2021_01196
857,/cluster/51/arda/dataset/train/BraTS2021_00207
858,/cluster/51/arda/dataset/train/BraTS2021_01389
859,/cluster/51/arda/dataset/train/BraTS2021_00122
860,/cluster/51/arda/dataset/train/BraTS2021_01540
861,/cluster/51/arda/dataset/train/BraTS2021_01289
862,/cluster/51/arda/dataset/train/BraTS2021_00026
863,/cluster/51/arda/dataset/train/BraTS2021_01505
864,/cluster/51/arda/dataset/train/BraTS2021_00449
865,/cluster/51/arda/dataset/train/BraTS2021_01300
866,/cluster/51/arda/dataset/train/BraTS2021_01303
867,/cluster/51/arda/dataset/train/BraTS2021_01358
868,/cluster/51/arda/dataset/train/BraTS2021_01243
869,/cluster/51/arda/dataset/train/BraTS2021_00697
870,/cluster/51/arda/dataset/train/BraTS2021_01249
871,/cluster/51/arda/dataset/train/BraTS2021_01655
872,/cluster/51/arda/dataset/train/BraTS2021_00260
873,/cluster/51/arda/dataset/train/BraTS2021_01407
874,/cluster/51/arda/dataset/train/BraTS2021_00402
875,/cluster/51/arda/dataset/train/BraTS2021_00718
876,/cluster/51/arda/dataset/train/BraTS2021_00369
877,/cluster/51/arda/dataset/train/BraTS2021_00030
878,/cluster/51/arda/dataset/train/BraTS2021_01597
879,/cluster/51/arda/dataset/train/BraTS2021_00128
880,/cluster/51/arda/dataset/train/BraTS2021_01504
881,/cluster/51/arda/dataset/train/BraTS2021_01592
882,/cluster/51/arda/dataset/train/BraTS2021_01571
883,/cluster/51/arda/dataset/train/BraTS2021_00322
884,/cluster/51/arda/dataset/train/BraTS2021_01586
885,/cluster/51/arda/dataset/train/BraTS2021_01333
886,/cluster/51/arda/dataset/train/BraTS2021_01180
887,/cluster/51/arda/dataset/train/BraTS2021_01416
888,/cluster/51/arda/dataset/train/BraTS2021_00694
889,/cluster/51/arda/dataset/train/BraTS2021_01448
890,/cluster/51/arda/dataset/train/BraTS2021_00216
891,/cluster/51/arda/dataset/train/BraTS2021_00116
892,/cluster/51/arda/dataset/train/BraTS2021_01192
893,/cluster/51/arda/dataset/train/BraTS2021_01577
894,/cluster/51/arda/dataset/train/BraTS2021_00502
895,/cluster/51/arda/dataset/train/BraTS2021_00767
896,/cluster/51/arda/dataset/train/BraTS2021_00231
897,/cluster/51/arda/dataset/train/BraTS2021_01462
898,/cluster/51/arda/dataset/train/BraTS2021_00209
899,/cluster/51/arda/dataset/train/BraTS2021_00212
900,/cluster/51/arda/dataset/train/BraTS2021_01569
901,/cluster/51/arda/dataset/train/BraTS2021_01287
902,/cluster/51/arda/dataset/train/BraTS2021_00387
903,/cluster/51/arda/dataset/train/BraTS2021_00280
904,/cluster/51/arda/dataset/train/BraTS2021_01459
905,/cluster/51/arda/dataset/train/BraTS2021_00185
906,/cluster/51/arda/dataset/train/BraTS2021_01445
907,/cluster/51/arda/dataset/train/BraTS2021_01015
908,/cluster/51/arda/dataset/train/BraTS2021_00234
909,/cluster/51/arda/dataset/train/BraTS2021_00579
910,/cluster/51/arda/dataset/train/BraTS2021_00019
911,/cluster/51/arda/dataset/train/BraTS2021_01212
912,/cluster/51/arda/dataset/train/BraTS2021_01292
913,/cluster/51/arda/dataset/train/BraTS2021_00056
914,/cluster/51/arda/dataset/train/BraTS2021_01324
915,/cluster/51/arda/dataset/train/BraTS2021_00455
916,/cluster/51/arda/dataset/train/BraTS2021_01653
917,/cluster/51/arda/dataset/train/BraTS2021_00098
918,/cluster/51/arda/dataset/train/BraTS2021_01417
919,/cluster/51/arda/dataset/train/BraTS2021_01111
920,/cluster/51/arda/dataset/train/BraTS2021_01255
921,/cluster/51/arda/dataset/train/BraTS2021_01021
922,/cluster/51/arda/dataset/train/BraTS2021_01526
923,/cluster/51/arda/dataset/train/BraTS2021_01325
924,/cluster/51/arda/dataset/train/BraTS2021_01355
925,/cluster/51/arda/dataset/train/BraTS2021_01152
926,/cluster/51/arda/dataset/train/BraTS2021_01453
927,/cluster/51/arda/dataset/train/BraTS2021_00352
928,/cluster/51/arda/dataset/train/BraTS2021_01248
929,/cluster/51/arda/dataset/train/BraTS2021_01281
930,/cluster/51/arda/dataset/train/BraTS2021_01016
931,/cluster/51/arda/dataset/train/BraTS2021_01066
932,/cluster/51/arda/dataset/train/BraTS2021_00003
933,/cluster/51/arda/dataset/train/BraTS2021_01652
934,/cluster/51/arda/dataset/train/BraTS2021_01539
935,/cluster/51/arda/dataset/train/BraTS2021_00495
936,/cluster/51/arda/dataset/train/BraTS2021_01164
937,/cluster/51/arda/dataset/train/BraTS2021_01490
938,/cluster/51/arda/dataset/train/BraTS2021_01516
939,/cluster/51/arda/dataset/train/BraTS2021_01067
940,/cluster/51/arda/dataset/train/BraTS2021_01020
941,/cluster/51/arda/dataset/train/BraTS2021_00285
942,/cluster/51/arda/dataset/train/BraTS2021_01431
943,/cluster/51/arda/dataset/train/BraTS2021_01315
944,/cluster/51/arda/dataset/train/BraTS2021_01210
945,/cluster/51/arda/dataset/train/BraTS2021_01042
946,/cluster/51/arda/dataset/train/BraTS2021_00120
947,/cluster/51/arda/dataset/train/BraTS2021_01503
948,/cluster/51/arda/dataset/train/BraTS2021_01225
949,/cluster/51/arda/dataset/train/BraTS2021_01201
950,/cluster/51/arda/dataset/train/BraTS2021_00072
951,/cluster/51/arda/dataset/train/BraTS2021_00611
952,/cluster/51/arda/dataset/train/BraTS2021_01129
953,/cluster/51/arda/dataset/train/BraTS2021_00095
954,/cluster/51/arda/dataset/train/BraTS2021_01664
955,/cluster/51/arda/dataset/train/BraTS2021_01107
956,/cluster/51/arda/dataset/train/BraTS2021_01562
957,/cluster/51/arda/dataset/train/BraTS2021_00620
958,/cluster/51/arda/dataset/train/BraTS2021_01011
959,/cluster/51/arda/dataset/train/BraTS2021_01541
960,/cluster/51/arda/dataset/train/BraTS2021_01264
961,/cluster/51/arda/dataset/train/BraTS2021_00240
962,/cluster/51/arda/dataset/train/BraTS2021_01656
963,/cluster/51/arda/dataset/train/BraTS2021_01370
964,/cluster/51/arda/dataset/train/BraTS2021_00506
965,/cluster/51/arda/dataset/train/BraTS2021_01166
966,/cluster/51/arda/dataset/train/BraTS2021_01113
967,/cluster/51/arda/dataset/train/BraTS2021_00275
968,/cluster/51/arda/dataset/train/BraTS2021_01005
969,/cluster/51/arda/dataset/train/BraTS2021_00301
970,/cluster/51/arda/dataset/train/BraTS2021_01642
971,/cluster/51/arda/dataset/train/BraTS2021_01117
972,/cluster/51/arda/dataset/train/BraTS2021_01319
973,/cluster/51/arda/dataset/train/BraTS2021_01556
974,/cluster/51/arda/dataset/train/BraTS2021_00332
975,/cluster/51/arda/dataset/train/BraTS2021_01410
976,/cluster/51/arda/dataset/train/BraTS2021_00233
977,/cluster/51/arda/dataset/train/BraTS2021_00519
978,/cluster/51/arda/dataset/train/BraTS2021_01340
979,/cluster/51/arda/dataset/train/BraTS2021_01561
980,/cluster/51/arda/dataset/train/BraTS2021_01479
981,/cluster/51/arda/dataset/train/BraTS2021_01036
982,/cluster/51/arda/dataset/train/BraTS2021_01246
983,/cluster/51/arda/dataset/train/BraTS2021_01136
984,/cluster/51/arda/dataset/train/BraTS2021_00306
985,/cluster/51/arda/dataset/train/BraTS2021_01649
986,/cluster/51/arda/dataset/train/BraTS2021_01641
987,/cluster/51/arda/dataset/train/BraTS2021_00602
988,/cluster/51/arda/dataset/train/BraTS2021_01464
989,/cluster/51/arda/dataset/train/BraTS2021_01450
990,/cluster/51/arda/dataset/train/BraTS2021_00137
991,/cluster/51/arda/dataset/train/BraTS2021_01146
992,/cluster/51/arda/dataset/train/BraTS2021_00615
993,/cluster/51/arda/dataset/train/BraTS2021_00429
994,/cluster/51/arda/dataset/train/BraTS2021_00683
995,/cluster/51/arda/dataset/train/BraTS2021_01110
996,/cluster/51/arda/dataset/train/BraTS2021_01172
997,/cluster/51/arda/dataset/train/BraTS2021_01039
998,/cluster/51/arda/dataset/train/BraTS2021_01382
999,/cluster/51/arda/dataset/train/BraTS2021_00756
